Word,Frequency
cave,9
old,4
map,4
treasure,4
friends,4
whispers,3
adventure,3
journey,3
chest,3
parchment,3
small,2
willow,2
creek,2
jake,2
mia,2
inside,2
hidden,2
mysterious,2
one,2
found,2
excitement,2
flashlights,2
sun,2
casting,2
forest,2
revealing,2
carvings,2
symbols,2
carefully,2
golden,2
back,2
words,2
shared,2
story,2
town,1
nestled,1
lush,1
hills,1
winding,1
river,1
four,1
friendsemma,1
liamstumbled,1
upon,1
tucked,1
dusty,1
library,1
book,1
titled,1
legends,1
lost,1
depicted,1
known,1
rumored,1
hold,1
ever,1
buzzing,1
planned,1
discover,1
packed,1
backpacks,1
essentials,1
compass,1
snacks,1
camera,1
document,1
guide,1
set,1
early,1
saturday,1
morning,1
summer,1
long,1
shadows,1
led,1
thick,1
woods,1
light,1
danced,1
leaves,1
creating,1
patterns,1
floor,1
birds,1
chirped,1
melodiously,1
providing,1
soundtrack,1
expedition,1
hours,1
hiking,1
directed,1
path,1
veiled,1
overgrown,1
bushes,1
pushing,1
finally,1
came,1
halt,1
front,1
towering,1
cliff,1
face,1
center,1
concealed,1
behind,1
hanging,1
vines,1
entrance,1
hearts,1
racing,1
entered,1
cool,1
damp,1
air,1
filled,1
echo,1
dripping,1
water,1
cut,1
darkness,1
ancient,1
rock,1
formations,1
walls,1
seemed,1
hum,1
secrets,1
ventured,1
deeper,1
wallsmysterious,1
none,1
could,1
decipher,1
keen,1
interest,1
history,1
took,1
several,1
photos,1
hoping,1
research,1
later,1
suddenly,1
leading,1
halted,1
ahead,1
clearing,1
within,1
lay,1
wooden,1
covered,1
dust,1
intricate,1
shimmered,1
flashlight,1
beams,1
exchanged,1
looks,1
awe,1
nervous,1
liam,1
opened,1
reveal,1
contents,1
coins,1
sparkling,1
jewels,1
looked,1
centuries,1
emma,1
unfolded,1
message,1
written,1
elegant,1
script,1
read,1
seek,1
true,1
lies,1
gold,1
friendships,1
forged,1
along,1
way,1
sat,1
weight,1
sinking,1
realized,1
real,1
adventurethe,1
challenges,1
overcame,1
together,1
memories,1
created,1
left,1
setting,1
glow,1
landscape,1
didnt,1
take,1
anything,1
choosing,1
instead,1
leave,1
next,1
group,1
adventurers,1
home,1
sage,1
given,1
far,1
greater,1
imagined,1
friendship,1
courage,1
would,1
cherish,1
forever,1
